[
    {
        "0": "manager",
        "1": "sportsOffered",
        "2": "populationTotal",
        "3": "voice",
        "4": "runwayLength",
        "5": "1st_runway_LengthFeet",
        "6": "backup pilot",
        "7": "numberOfMembers",
        "8": "dishVariation",
        "9": "4th_runway_LengthFeet",
        "10": "owner",
        "11": "officialLanguage",
        "12": "owningOrganisation",
        "13": "transportAircraft",
        "14": "EISSN_number",
        "15": "LCCN_number",
        "16": "city",
        "17": "hubAirport",
        "18": "year",
        "19": "headquarter",
        "20": "aircraftFighter",
        "21": "awards",
        "22": "birthPlace",
        "23": "compete in",
        "24": "chancellor",
        "25": "academicDiscipline",
        "26": "season",
        "27": "significantProject",
        "28": "aircraftHelicopter",
        "29": "genre",
        "30": "language",
        "31": "established",
        "32": "award",
        "33": "largestCity",
        "34": "municipality",
        "35": "tenant",
        "36": "partsType",
        "37": "editor",
        "38": "genus",
        "39": "governingBody",
        "40": "developer",
        "41": "has to its northeast",
        "42": "elevationAboveTheSeaLevel",
        "43": "commander",
        "44": "mainIngredients",
        "45": "foundedBy",
        "46": "operatingOrganisation",
        "47": "mediaType",
        "48": "child",
        "49": "doctoralAdvisor",
        "50": "areaCode",
        "51": "influencedBy",
        "52": "leader",
        "53": "OCLC_number",
        "54": "club",
        "55": "hometown",
        "56": "numberOfPostgraduateStudents",
        "57": "has to its north",
        "58": "crewMembers",
        "59": "significantBuilding",
        "60": "isPartOf",
        "61": "founder",
        "62": "district",
        "63": "ground",
        "64": "countySeat",
        "65": "numberOfRooms",
        "66": "elevationAboveTheSeaLevel_(in_metres)",
        "67": "floorCount",
        "68": "1st_runway_LengthMetre",
        "69": "administrativeCounty",
        "70": "was selected by NASA",
        "71": "gemstone",
        "72": "foundationPlace",
        "73": "country",
        "74": "leaderParty",
        "75": "placeOfBirth",
        "76": "architecturalStyle",
        "77": "residence",
        "78": "nickname",
        "79": "academicStaffSize",
        "80": "representative",
        "81": "chairman",
        "82": "region",
        "83": "deathPlace",
        "84": "notableWork",
        "85": "5th_runway_Number",
        "86": "sportsGoverningBody",
        "87": "postalCode",
        "88": "cityServed",
        "89": "mayor",
        "90": "numberOfUndergraduateStudents",
        "91": "has to its northwest",
        "92": "was given the 'Technical Campus' status by",
        "93": "order",
        "94": "league",
        "95": "champions",
        "96": "nationality",
        "97": "currency",
        "98": "was a crew member of",
        "99": "part",
        "100": "neighboringMunicipality",
        "101": "completionDate",
        "102": "starring",
        "103": "creator",
        "104": "class",
        "105": "leaderName",
        "106": "nearestCity",
        "107": "has to its west",
        "108": "precededBy",
        "109": "division",
        "110": "senators",
        "111": "family",
        "112": "has to its southwest",
        "113": "1st_runway_Number",
        "114": "ethnicGroups",
        "115": "yearOfConstruction",
        "116": "jurisdiction",
        "117": "dean",
        "118": "almaMater",
        "119": "keyPerson",
        "120": "locationCity",
        "121": "river",
        "122": "patronSaint",
        "123": "bird",
        "124": "occupation",
        "125": "affiliation",
        "126": "operator",
        "127": "buildingStartDate",
        "128": "battles",
        "129": "1st_runway_SurfaceType",
        "130": "anthem",
        "131": "elevationAboveTheSeaLevel_(in_feet)",
        "132": "ethnicGroup",
        "133": "demonym",
        "134": "capital",
        "135": "dedicatedTo",
        "136": "headquarters",
        "137": "publisher",
        "138": "president",
        "139": "state",
        "140": "fossil",
        "141": "regionServed",
        "142": "leaderTitle",
        "143": "languages",
        "144": "administrativeArrondissement",
        "145": "category",
        "146": "served as Chief of the Astronaut Office in",
        "147": "ingredient",
        "148": "3rd_runway_LengthFeet",
        "149": "author",
        "150": "attackAircraft",
        "151": "affiliations",
        "152": "literaryGenre",
        "153": "spokenIn",
        "154": "currentTenants",
        "155": "chief",
        "156": "has to its southeast",
        "157": "broadcastedBy",
        "158": "bedCount",
        "159": "governmentType",
        "160": "creatorOfDish",
        "161": "parentCompany",
        "162": "followedBy",
        "163": "religion",
        "164": "title",
        "165": "location",
        "166": "buildingType",
        "167": "architect",
        "168": "outlookRanking",
        "169": "firstPublicationYear",
        "170": "numberOfStudents"
    },
    {
        "manager": 0,
        "sportsOffered": 1,
        "populationTotal": 2,
        "voice": 3,
        "runwayLength": 4,
        "1st_runway_LengthFeet": 5,
        "backup pilot": 6,
        "numberOfMembers": 7,
        "dishVariation": 8,
        "4th_runway_LengthFeet": 9,
        "owner": 10,
        "officialLanguage": 11,
        "owningOrganisation": 12,
        "transportAircraft": 13,
        "EISSN_number": 14,
        "LCCN_number": 15,
        "city": 16,
        "hubAirport": 17,
        "year": 18,
        "headquarter": 19,
        "aircraftFighter": 20,
        "awards": 21,
        "birthPlace": 22,
        "compete in": 23,
        "chancellor": 24,
        "academicDiscipline": 25,
        "season": 26,
        "significantProject": 27,
        "aircraftHelicopter": 28,
        "genre": 29,
        "language": 30,
        "established": 31,
        "award": 32,
        "largestCity": 33,
        "municipality": 34,
        "tenant": 35,
        "partsType": 36,
        "editor": 37,
        "genus": 38,
        "governingBody": 39,
        "developer": 40,
        "has to its northeast": 41,
        "elevationAboveTheSeaLevel": 42,
        "commander": 43,
        "mainIngredients": 44,
        "foundedBy": 45,
        "operatingOrganisation": 46,
        "mediaType": 47,
        "child": 48,
        "doctoralAdvisor": 49,
        "areaCode": 50,
        "influencedBy": 51,
        "leader": 52,
        "OCLC_number": 53,
        "club": 54,
        "hometown": 55,
        "numberOfPostgraduateStudents": 56,
        "has to its north": 57,
        "crewMembers": 58,
        "significantBuilding": 59,
        "isPartOf": 60,
        "founder": 61,
        "district": 62,
        "ground": 63,
        "countySeat": 64,
        "numberOfRooms": 65,
        "elevationAboveTheSeaLevel_(in_metres)": 66,
        "floorCount": 67,
        "1st_runway_LengthMetre": 68,
        "administrativeCounty": 69,
        "was selected by NASA": 70,
        "gemstone": 71,
        "foundationPlace": 72,
        "country": 73,
        "leaderParty": 74,
        "placeOfBirth": 75,
        "architecturalStyle": 76,
        "residence": 77,
        "nickname": 78,
        "academicStaffSize": 79,
        "representative": 80,
        "chairman": 81,
        "region": 82,
        "deathPlace": 83,
        "notableWork": 84,
        "5th_runway_Number": 85,
        "sportsGoverningBody": 86,
        "postalCode": 87,
        "cityServed": 88,
        "mayor": 89,
        "numberOfUndergraduateStudents": 90,
        "has to its northwest": 91,
        "was given the 'Technical Campus' status by": 92,
        "order": 93,
        "league": 94,
        "champions": 95,
        "nationality": 96,
        "currency": 97,
        "was a crew member of": 98,
        "part": 99,
        "neighboringMunicipality": 100,
        "completionDate": 101,
        "starring": 102,
        "creator": 103,
        "class": 104,
        "leaderName": 105,
        "nearestCity": 106,
        "has to its west": 107,
        "precededBy": 108,
        "division": 109,
        "senators": 110,
        "family": 111,
        "has to its southwest": 112,
        "1st_runway_Number": 113,
        "ethnicGroups": 114,
        "yearOfConstruction": 115,
        "jurisdiction": 116,
        "dean": 117,
        "almaMater": 118,
        "keyPerson": 119,
        "locationCity": 120,
        "river": 121,
        "patronSaint": 122,
        "bird": 123,
        "occupation": 124,
        "affiliation": 125,
        "operator": 126,
        "buildingStartDate": 127,
        "battles": 128,
        "1st_runway_SurfaceType": 129,
        "anthem": 130,
        "elevationAboveTheSeaLevel_(in_feet)": 131,
        "ethnicGroup": 132,
        "demonym": 133,
        "capital": 134,
        "dedicatedTo": 135,
        "headquarters": 136,
        "publisher": 137,
        "president": 138,
        "state": 139,
        "fossil": 140,
        "regionServed": 141,
        "leaderTitle": 142,
        "languages": 143,
        "administrativeArrondissement": 144,
        "category": 145,
        "served as Chief of the Astronaut Office in": 146,
        "ingredient": 147,
        "3rd_runway_LengthFeet": 148,
        "author": 149,
        "attackAircraft": 150,
        "affiliations": 151,
        "literaryGenre": 152,
        "spokenIn": 153,
        "currentTenants": 154,
        "chief": 155,
        "has to its southeast": 156,
        "broadcastedBy": 157,
        "bedCount": 158,
        "governmentType": 159,
        "creatorOfDish": 160,
        "parentCompany": 161,
        "followedBy": 162,
        "religion": 163,
        "title": 164,
        "location": 165,
        "buildingType": 166,
        "architect": 167,
        "outlookRanking": 168,
        "firstPublicationYear": 169,
        "numberOfStudents": 170
    }
]